store_item,LightGBM_full,XGBoost_full,LightGBM_no_weather,XGBoost_no_weather,LightGBM_no_calendar,XGBoost_no_calendar,LightGBM_no_promotion,XGBoost_no_promotion
10_1,0.6589726916482422,0.6824637702454471,0.6705100052830907,0.6970608618382923,0.7614185383118502,0.7785876435214067,0.6599008415923064,0.6912894910687536
10_10,0.9771438171287027,1.043144938621557,1.015576388912272,1.0841950899609123,1.1932257364133083,1.2030426388512827,0.9670144464514467,1.1429350051636966
10_11,0.6097882866436897,0.6432971681630734,0.6113238186154845,0.65217643283029,0.7478653950240086,0.7440021606399179,0.6241049201979515,0.6665720348781571
10_12,0.5268445668714935,0.5488855585050421,0.5332480351232957,0.5567175871915068,0.6112220008483474,0.6090538958883527,0.5349261870837224,0.5775479155928586
10_13,1.0233060633220372,1.0971401774406353,1.0104176842428871,1.0868124001721406,1.0766422064466272,1.0987399201614565,1.0323977122194072,1.119387118314062
10_14,0.9359258063319023,1.0072452881217737,0.9802032533425261,1.0389205847447898,1.0233424383683432,1.0213679967756064,0.907280669147214,1.0368987406333061
10_15,0.8094968247399816,0.8858710593146981,0.8953176878721162,0.9180863412685585,0.938257451195059,0.9549851990008753,0.8044617973993567,0.8873479321151619
10_16,0.6643514669217042,0.7096300956426892,0.6702685244599075,0.7328390878548495,0.7296446723138635,0.7202213968174245,0.6510639237604992,0.7301481778395167
10_17,0.5944261041695761,0.6168842932577268,0.5973229176195863,0.6377237890305848,0.6595514851200521,0.662172985278896,0.5996536776293317,0.654250259742175
10_18,1.0283154328108153,1.0664434611388334,1.0607923969419015,1.068293399980284,1.0245542392190137,1.0360843604707648,1.0331011151105445,1.1548942540515732
10_19,1.0880175641660619,1.1737192746008085,1.1005589472004123,1.1858466802434422,1.1339385782948328,1.2095955396944134,1.1332105342206786,1.1828960321252475
10_2,0.5028595068421383,0.5224882675542403,0.5103493867520229,0.5307798715092225,0.6049198673599577,0.6057857075639771,0.5103819736291398,0.5341243401414711
10_20,0.7059410181596707,0.7328873273255403,0.7129509396084234,0.7467056516793691,0.8016622500055735,0.793064803563209,0.735306547264873,0.7842511794565291
10_21,0.5267744543411783,0.5588585294883084,0.5375596593592078,0.5662724538018789,0.6935778800424535,0.6924704365419614,0.5262936345562022,0.6117146752858219
10_22,0.5724341691053144,0.598349150372878,0.5757106251732734,0.6087482849041527,0.6007589530314283,0.6138280162398391,0.5772180774449075,0.629269561221837
10_23,0.8370968890599911,0.8755274222090558,0.8552117436302314,0.8845059695226364,1.0451347336113224,1.0404677955450243,0.8421572563490564,0.8880495412588639
10_24,0.6692159142115183,0.7014477382188096,0.6814341977794488,0.7218244455243412,0.7736639764913495,0.7778497197973645,0.6774759932028573,0.7604278031039342
10_25,0.7509019298872345,0.8125697915439148,0.7522996619203005,0.8458807941592835,0.8114031728153274,0.8154496205601709,0.7738628333005446,0.8962335032817446
10_26,0.6761427601421325,0.6866035111040144,0.6741922291868976,0.6985939607819618,0.7164843997919507,0.7084289279695717,0.6736840808194771,0.7075933249691843
10_27,0.6423411821454774,0.6728274060112637,0.6502238674508429,0.6926628188463612,0.7318899648741886,0.73660122963972,0.657264671629282,0.6785446279296732
10_28,0.7574889137421343,0.79967454748044,0.8005878569011744,0.8366547487240249,0.8488413845922007,0.8239291608102082,0.7514453188323494,0.8492460095548008
10_29,0.7062860053192105,0.7983942054894871,0.7484323163442046,0.8653119053085493,0.7561208610091779,0.7442731163723101,0.7212233269161753,0.8939007161983266
10_3,0.5811302521327316,0.5764527981448903,0.5766082136571704,0.5802992037830309,0.6432947164436925,0.6322249141021574,0.5715791357387934,0.5686738219547183
10_30,0.6958827915041078,0.7516464311062512,0.6865590293970426,0.8281449282224438,0.6923768795662445,0.6916723669145248,0.6609262730291757,0.7588954323362114
10_4,0.668040111223799,0.7387858875691897,0.6799245495814218,0.7892309439198705,0.7590559987091371,0.743047822126883,0.686264919860557,0.7812764793160119
10_5,0.5705692202265292,0.5925672985491267,0.5684030440453439,0.5900311911446253,0.6425272397996181,0.6441672017647018,0.5870613328571759,0.6272433931730156
10_6,0.7386424370600699,0.7787371522525851,0.7421339405456858,0.8121765481069149,0.8422245161289768,0.8180061114188049,0.7732141658004708,0.8271879155347621
10_7,0.9683264169148377,1.0537764922413324,0.9623226763803988,1.0789464412415088,1.0168012783341578,1.0252729780087715,0.9490404374069036,1.049565693940136
10_8,0.6942077325631623,0.7062710395075843,0.7056999986807203,0.7063153417611511,0.7985492493455421,0.776649005846222,0.7124705258109143,0.7537039405111385
10_9,0.8602378837663289,0.8838200920096815,0.8553483079597473,0.9268703571918898,1.083452220897317,1.0579120683015566,0.8739327535427711,0.9747094632865967
11_1,0.5961951377292658,0.6410272714031792,0.6021865703649177,0.6665836439532405,0.7154395707750801,0.7096326073764727,0.586484418567917,0.6568523014596929
11_10,0.7020282167529962,0.8073105088376727,0.7739361207198852,0.8270827759722007,0.8497413378235784,0.8460149833689076,0.7160039193199018,0.8752567163866062
11_11,0.6394501995030919,0.6958504132619896,0.6444433162240903,0.724959918575899,0.7420221807708229,0.7266295566010635,0.6505664933793869,0.7520919632582386
11_12,0.6580618345578535,0.69331871324921,0.6561142985528547,0.7036774428390421,0.7585165584120419,0.7483424227815859,0.6700144643109569,0.7123241509263907
11_13,0.9037455740714958,1.051834591949633,0.9604268267129653,1.055966563321339,0.9952597473673782,1.0349376777515091,0.9242680263921986,1.0548080972428278
11_14,0.5838017941788847,0.635156999952093,0.6462845391351635,0.6614952525102277,0.6866181345084589,0.6921625889369091,0.5984811983882016,0.6585207057324215
11_15,0.6021590652488036,0.7287222888884758,0.7392322082926538,0.7715292098044746,0.7112727022405849,0.7446892135791575,0.5904117102362845,0.735026500256204
11_16,0.6069985907679029,0.6983535469896702,0.6233772960491478,0.7444838529481451,0.6339727045559012,0.6265079719044044,0.5968351164710057,0.7645302927350639
11_17,0.7238675690724213,0.7866129136932587,0.7456296441597494,0.8226672841916883,0.784404015826415,0.7820833730167153,0.7370492440278594,0.8283862776461517
11_18,0.8690385243520816,0.9338255484552292,0.900288546568732,0.9648469689055919,0.9339216160679312,0.9456523435674634,0.8845869021871835,0.9521257727282454
11_19,0.8101921696725816,0.853293817458424,0.7912697844665295,0.8979589221390483,0.9577704713837389,1.0131281554482643,0.8905823731103932,0.936373561793884
11_2,0.6142716392948633,0.6644737207101157,0.6341773868553598,0.6706769578893023,0.7128525500455165,0.7170422116496626,0.6348103377586489,0.7113868484245709
11_20,0.7062472167100776,0.7899877498674077,0.7209523933969878,0.8186050714218005,0.7703181963595301,0.7951745471890751,0.7564446006516551,0.8929212638122473
11_21,0.6201683953250305,0.6354576462680844,0.6454716623867676,0.639488476182493,0.6517896224035903,0.6412502340977938,0.6213931856181582,0.6271808885174996
11_22,0.7738410433423756,0.7970224721445323,0.7876514687512493,0.8154235428474332,0.7689441203138174,0.7508730511142343,0.7971388083580663,0.883911078388874
11_23,0.7442108871060487,0.837851875846919,0.7433683877808438,0.8404819716657139,0.8800388519049569,0.8901058824872468,0.7792160891393011,0.8899846031626326
11_24,0.5872750173756727,0.624288322213309,0.5969039616355595,0.6407587789602243,0.6433175141123244,0.6282891549878281,0.6084054782816367,0.630349129890743
11_25,0.6900365938555247,0.7738637069127049,0.7043467688820496,0.8212617834502645,0.7268949204801479,0.7250849172908773,0.6871231781716689,0.8308102938487787
11_26,0.7047362713368507,0.7606799213859321,0.7281010489726303,0.8163276139956621,0.7006622508158246,0.7090193803139965,0.699241544176914,0.7675418675885856
11_27,0.5478622585617429,0.6020737844615373,0.5528224412131635,0.626365066972057,0.6498355179068696,0.6499054930838785,0.562956959331833,0.644013613240686
11_28,0.8928836100972845,0.9934981039129595,0.923114821620489,1.0553680268649432,0.9641998811578443,0.9632165338083515,0.8756316607571191,1.0390698435037315
11_29,0.8145896631656798,0.8570219279164613,0.8336598984666753,0.9251576390010182,0.8385226444364245,0.8235224814933031,0.791895215389841,0.9051042628158125
11_3,0.6038168932595939,0.6177923976747587,0.6138738554984224,0.6120002321329947,0.6493523298381183,0.6604833276737315,0.6038118672549656,0.6084774117079728
11_30,0.7590420324798913,0.839765967016927,0.7746036631130117,0.9036118512788854,0.839248214130569,0.8247356363709663,0.7508816580563595,0.8765539870862966
11_4,0.5762877210320635,0.6717790954307035,0.5823170493183212,0.7499841921054209,0.6263388927686704,0.61652008995457,0.5877135100808131,0.6887075516096354
11_5,0.6735114877706818,0.7265746628139925,0.6860095659760868,0.7386972688776243,0.7663716103431176,0.7721403652425181,0.6832069582888558,0.7423605520187792
11_6,0.7334302553609109,0.7703219492113514,0.7286968957942388,0.7987250793421392,0.7893834162456629,0.7811834128195908,0.7289763920071008,0.7927914335434881
11_7,0.9855624945587165,1.052226612409279,0.9699070081217785,1.0823243134952996,1.0184697747395826,1.0539639154970226,0.9809484743702174,1.0589511714507769
11_8,0.649709770932453,0.6908322383742413,0.6552678557651525,0.7038883817784323,0.7398058807565421,0.7367149338127308,0.6512656011381852,0.7204254287308988
11_9,0.7459148857582139,0.781626147587072,0.7729242432540931,0.7807285187755683,0.8446048218017966,0.8537191649962413,0.7194049705270298,0.7939259741530023
12_1,0.6712393800547858,0.7493158449206015,0.692815991089198,0.7761517425189476,0.7859075641585591,0.7886084992300884,0.6859146302450744,0.7874789339821652
12_10,0.7619673974619056,0.853623118902747,0.8156278125510371,0.8889868347929667,0.9058850639367317,0.9408582826438887,0.7696317137971224,0.9126331866099021
12_11,0.5050575077400165,0.5755072458229089,0.5027363550565885,0.6223803893306341,0.5925171294572315,0.5919338615044678,0.5107064170618584,0.6224440698304289
12_12,0.6852936649502026,0.7589822063993382,0.6905729051217302,0.7884869444774968,0.783699338525732,0.7701542837620756,0.6801435556857138,0.7956324238228621
12_13,0.9624595361384114,1.0151699904249951,0.9944326279763004,1.042450714888216,1.1417597274088056,1.1212711389679095,0.970914816509134,1.0369010228607027
12_14,0.8278155561020702,0.8973184776779219,0.8793141562071177,0.9219407376407865,1.002105957357114,0.9895696889154071,0.8463417676724658,0.9809637148703999
12_15,0.9127268490876911,0.9680377431231065,1.0033022323697378,1.0144908419512584,1.0978466352195244,1.0973116649206602,0.9089770044662772,1.0103335673089129
12_16,0.6963931497127888,0.825086383307976,0.7439898858904502,0.8924605762611075,0.8038410305183361,0.786159016135901,0.6994489782662912,0.8836416962711757
12_17,0.8133388774610101,0.8633090064053566,0.8120240179368882,0.9205494778673178,0.7905468716494419,0.8133214142241595,0.798394844555187,0.9410175651468461
12_18,0.8000209488917461,0.8778576873108652,0.8280913305162186,0.9054588259166002,0.7693225514170754,0.7754446765517797,0.8174882820757838,0.9094060793804329
12_19,0.6068475673238278,0.6181927647451169,0.6034917604452547,0.6630182461337013,0.7233062185213784,0.7599769923904541,0.6199834218193434,0.6734125251913875
12_2,0.6177719384949136,0.6671383331722816,0.6351818922284038,0.6824372992748048,0.6850711149853789,0.6869745438781607,0.6335822211038751,0.7210983698134373
12_20,0.7299719900598718,0.7988970255065275,0.755153397995011,0.7959235564911937,0.8821405266142304,0.8660207445285183,0.7790866748976855,0.8610948226227568
12_21,0.633828950073038,0.6631455408756772,0.643359549837995,0.6686272789251997,0.6920782179153492,0.7002698146601911,0.6550001487203997,0.7170147857682457
12_22,0.6629194253038087,0.7941791132273558,0.68723328415646,0.8486193032376722,0.7985948246642957,0.7857056096536902,0.6880096057219368,0.8519009513605466
12_23,0.6521545028802305,0.7162402778997191,0.6674346138626998,0.7404965522288691,0.8667064704039279,0.8651555073615153,0.6426044231730001,0.7405680565594762
12_24,0.5689982769451484,0.6605916626874134,0.5800291616681972,0.6989113035964586,0.6742386799419955,0.6632530894868528,0.6015287990476981,0.7579928212363043
12_25,0.7968479520455352,0.9270310988440561,0.819340464892258,0.9905361633361103,0.8649949898229284,0.8393965139175746,0.8196061033322176,1.0201536999399026
12_26,0.766773764176519,0.8476405002121232,0.7760941632697609,0.9046103887609376,0.7712919905887899,0.7637007996617453,0.7698935143215624,0.8767962149505014
12_27,0.7679821428304702,0.841104583029601,0.7765353079111317,0.8933615580589972,0.8365465184249046,0.8328629873448234,0.7740798123824332,0.8994901798463569
12_28,0.8914523736713957,1.0132234735784749,0.9333001047764637,1.0799948103586243,1.0531911451087665,1.060522657483187,0.8728021514018517,1.0377658276569872
12_29,0.7541680161560955,0.8460855783619928,0.7867083512547507,0.9404416560877717,0.857238141254605,0.8510867956123692,0.7572495509687226,0.9139495436438224
12_3,0.7388848345134048,0.7761671760615536,0.7147141767963723,0.7573666083970509,0.8976095905757102,0.8975749849048885,0.734691409354748,0.7909143698020075
12_30,0.7963867155841796,1.0261957849407486,0.8080711430264912,1.1861145302458387,0.8309061359626064,0.800325836657301,0.7619902141748767,1.0833778060543826
12_4,0.6556333100504858,0.772862412176668,0.6634314959499349,0.8511731189034378,0.7551826813554102,0.74641390532932,0.6654065024754375,0.8387892334897108
12_5,0.6936776179186761,0.7511038764428407,0.721860446886077,0.787835016921475,0.7935089363409722,0.7742014515380327,0.7057454745671478,0.792578582475692
12_6,0.5606512394112299,0.6859521835008221,0.5713998706520321,0.7748603530246999,0.6235810500025528,0.6158623362430279,0.5683498927605074,0.7561393660186455
12_7,0.8581299879507674,0.9344763064031656,0.9002948395539414,0.9720595889739485,0.9847866782364075,1.0196445898613364,0.8371000941892085,0.9562577834092597
12_8,0.7400166902444305,0.8085910795579621,0.7544810720489824,0.8275430397929249,0.867271276265156,0.8603056673068732,0.7540308819016395,0.8587116537059318
12_9,0.6986432476704815,0.7610263641506068,0.7033505063429636,0.7695309248322717,0.9000112905272629,0.9609659393312446,0.7481578182917518,0.8227854790028077
1_1,0.5881405569540297,0.6112008364792305,0.5876749343360074,0.6172000158239047,0.7046399838578312,0.7099182061209345,0.5904575692194913,0.6208177531459738
1_10,0.8774092546360545,0.9442869325289193,0.9164741621803264,0.9537323304335812,0.9844553912286199,0.9964432113084072,0.8996355823419295,0.9773062523462307
1_11,0.6511503433157938,0.6691061979616257,0.6527263047049592,0.6842552613181284,0.7381547451559823,0.7235637662108546,0.635070610387379,0.6404429670157966
1_12,0.677348547571993,0.7091928960851323,0.6749867264027439,0.709876610532789,0.7372956143600188,0.7316372136196974,0.6833078343067813,0.7057744683074256
1_13,0.9527259695302961,0.9741486299848406,0.9644728107080569,0.9423429086463916,1.0130513537082224,0.9982372116804614,0.9949589867882036,0.9488094456185683
1_14,0.9908839161745241,1.0550537536475584,0.962109996566371,1.1035721872788773,1.0783254979798798,1.0665037922633236,1.0347707177618388,1.1004315797003965
1_15,0.8417375738972075,0.9209509395440645,0.8581540986386226,0.948419457639362,0.8297800111164638,0.8644930169475368,0.8562697689435654,0.9518862171340806
1_16,0.8068412582823403,0.8616312718225434,0.8256995554639734,0.8871561734850469,0.8856166207766857,0.867354169348774,0.8386341717697593,0.9481159499979089
1_17,0.5994901751824823,0.6127128669373203,0.5872388297064508,0.6224137146849557,0.6821211649313825,0.6958790984606743,0.5817132919940768,0.587337339367288
1_18,0.8022521918472862,0.8150419654472539,0.8109211296912006,0.8313748038049843,0.8377023794017339,0.8186587449526372,0.8051238886838383,0.8384837630213275
1_19,1.2271892703654712,1.2720263702181838,1.2260642000542146,1.2904873083590265,1.2593342594469776,1.2533772868237105,1.248630781271022,1.295196638460385
1_2,0.6146604968906919,0.6460254691009225,0.6226818584618887,0.6503365323854235,0.6993078804400694,0.6952600430677883,0.6270474498379002,0.6779825051674373
1_20,0.585482425821024,0.5960159575316558,0.5911886449362986,0.5972566765831547,0.6553176693089624,0.6681542965675762,0.5787916428268679,0.6077006581929227
1_21,0.6283621688242322,0.6719417533646247,0.6239411821563293,0.679199974786358,0.6904089906642671,0.702000620859608,0.6239796103808971,0.6911432521931186
1_22,0.6159732490756216,0.6501952580127072,0.6341750855938293,0.6608632731758276,0.7019719379741609,0.6951067412525598,0.6448692638011889,0.705372227406303
1_23,0.8679070142944132,0.9438039547604071,0.8832332147457883,0.9585031000464199,0.9990654315236145,0.979835985391593,0.8836641476643825,0.9804365299273999
1_24,0.5509651062433132,0.5796354059472286,0.556082734315692,0.5741623349101903,0.6320288366921656,0.6115710892019983,0.5621487575356686,0.6017502698753155
1_25,0.6502553198893826,0.6860541236803657,0.6580365381979647,0.6992423399937502,0.7117661576540064,0.7030611206878836,0.6561814135766045,0.7023759846279805
1_26,0.6285661694557255,0.6713070392735027,0.639367331729947,0.6933738769343937,0.6984908773283774,0.7070337071960897,0.6523716154070528,0.7183309038560768
1_27,0.6228054913718489,0.6363853447913306,0.6345590680645383,0.6478343978355674,0.6900185947305777,0.6740165438377532,0.6135015828874114,0.628733639642342
1_28,0.7693098568005264,0.7773538576281973,0.7710358683959847,0.8056774893016878,0.8363889211813917,0.8382523053783283,0.7713710916061951,0.8148084763933038
1_29,0.8063037632457347,0.8447902210409136,0.8186465663990139,0.8766692319670718,0.8986336280281576,0.8842808201817777,0.8107755212665743,0.9292140168409828
1_3,0.6001338058456399,0.6173606867320132,0.6056921904908017,0.6373937255183644,0.6828432017760239,0.6632287421285702,0.6125372668038838,0.6066274748470445
1_30,0.6952701997531077,0.7694351737646127,0.7105884226082201,0.8442645761615039,0.7358734084209569,0.7359243286994641,0.7099355278348999,0.8409832957525223
1_4,0.803124786007906,0.8106157544308117,0.8088321483916255,0.8452946768927716,0.856517199124419,0.8655131260377178,0.803786400814735,0.8207999551134663
1_5,0.7279766591449455,0.7473132538932884,0.7354606727136247,0.7534174243844574,0.7887646643848335,0.7897809958135549,0.7595459336802579,0.7802217334559165
1_6,0.6962672694977976,0.7566547739584268,0.7165504502955009,0.7715833972897185,0.8234162337895287,0.823718691607358,0.7047279204627772,0.746034982266598
1_7,1.0820183365169496,1.1483471695845022,1.0769558570126347,1.1228928217716256,1.1281331700682167,1.094350474634387,1.0329127748892262,1.1364642456080507
1_8,0.5464680707059857,0.5664062138712245,0.5619202585211021,0.5681661445383744,0.6402280634686851,0.6347257967124378,0.5581031504886311,0.5758741964445544
1_9,0.7951006287075824,0.8869490580447232,0.8176268656263345,0.918132970503692,0.9316346680288893,0.9503464279662913,0.8380492106545377,0.9251736085173283
2_1,0.7652006802704578,0.7904017885462837,0.7770203276703015,0.7968974616264535,0.8199415937958517,0.8226778414889784,0.7491500352419129,0.7882959223917908
2_10,0.6686651387493551,0.7389354296516862,0.7212809016346584,0.7544011067755668,0.7365344996113052,0.7588837449254447,0.6931602871612682,0.7896555068825116
2_11,0.7010531097520896,0.7405811751522827,0.7150713060859745,0.7623897473998551,0.7763559259053588,0.7733960020544286,0.6928210931568205,0.7510712012449309
2_12,0.6721699357763874,0.7118794841743152,0.6760304938463134,0.72133071082919,0.7303448788805752,0.7291064635572505,0.6759347725752461,0.7798726818270827
2_13,1.0743186972050383,1.1266804190062674,1.0740269665734408,1.1323547467987989,1.1255250822547587,1.1033330135950932,1.131820521628469,1.1659115897734595
2_14,0.7344528344717233,0.7968817553585016,0.7761260164374721,0.8201769530003299,0.844761631313725,0.8408726243395911,0.738969932325885,0.8186325571725489
2_15,0.8182208327558563,0.8731270228930019,0.8762096930463168,0.8974794004217078,0.8703143017846839,0.8777955258566742,0.8098668746014174,0.8653522833699558
2_16,0.6415619203471339,0.7251071569366301,0.6645518777050857,0.7743151116063814,0.7503219475069253,0.7455890084909522,0.6189753829340572,0.7373542499116084
2_17,0.6069588717714816,0.6589357682631083,0.6100219411438158,0.6917207418310761,0.686029415872766,0.7037955184036524,0.6199263241891404,0.7262059098919351
2_18,0.8430349193304564,0.9323670819334731,0.9022353682133144,0.9606881835396729,0.9392994065286798,0.9553164151751948,0.8906293360236547,1.0206186112977937
2_19,0.8728064333452609,0.9818110135609036,0.8679801100094233,0.9953665324631364,0.9292619764821649,1.0009052315976452,0.9148258565571766,1.028370498126097
2_2,0.6274316442129262,0.6313930343309708,0.6237111414715941,0.6319392852989235,0.6683878385331236,0.6657094345264348,0.6483587196232987,0.6777290146940946
2_20,0.655112546989163,0.6600443491664372,0.6561278726130026,0.6472130708042603,0.7002410861926679,0.7019805730014531,0.6914377614117099,0.7308187639437306
2_21,0.612757160800797,0.6056639752615866,0.6077004174456221,0.6188588778214715,0.6670133007288108,0.6670381858868358,0.6201171554088407,0.6725163496813322
2_22,0.5159906840615073,0.5480927994904412,0.5169210032566445,0.568574657104554,0.5688825043491564,0.559037911347865,0.5422116391730422,0.597598155807797
2_23,0.8056546205936782,0.8547088185669043,0.8056673262095487,0.8581044136631304,0.9527807639089612,0.9592859554430284,0.8189641507729819,0.8486978536673322
2_24,0.6127169324630751,0.6377835685896021,0.6176663779965077,0.6583160973452762,0.6781098143730296,0.6937241218724967,0.6219455856980389,0.6889789614815809
2_25,0.6501522082521678,0.7048294008974457,0.6609500238783137,0.7393946663350136,0.7385995656039975,0.7315300267181043,0.6568178258616776,0.7536529697748672
2_26,0.6561415176358957,0.704993516608218,0.655490551117582,0.7154664592389273,0.7072998576018952,0.7223724669113867,0.661814625179006,0.7437959860769359
2_27,0.7424292129124295,0.7575805702881764,0.7409882162312313,0.7704095417853054,0.8118842787191618,0.8041354262384925,0.7179476581844709,0.7622283495222515
2_28,0.9355697937671855,0.9635974759259713,0.9543497176218917,0.9989507186314865,0.9878920700932587,0.9838052588393398,0.9223560168927756,0.9926987790401998
2_29,0.7501290671911142,0.7926529600863079,0.7396666772130025,0.857766665978604,0.7828033852544007,0.7972577989915488,0.7523434600242255,0.8288727749244069
2_3,0.6682101661781756,0.7187960426056197,0.6836253906036477,0.7358695012542156,0.7636027654886759,0.7784951536592659,0.6507403475716759,0.7377997111964395
2_30,0.6265543058404703,0.7707189036948341,0.63786373016249,0.8765886292829519,0.6591355762368913,0.6577022510021722,0.6096549382717733,0.7985838455632136
2_4,0.6107186231320277,0.6912303007544102,0.6230656006419008,0.7365147215274027,0.6982079565246522,0.7017978216834568,0.6302906479659257,0.7277724180048261
2_5,0.6775531365752597,0.726562159675644,0.6795059381147677,0.740446293016961,0.7872732484052682,0.8012668172664325,0.669641089563925,0.7567247393652358
2_6,0.7054003830454798,0.7632780436054448,0.7163356289904184,0.8095625587530789,0.7481296459230388,0.7518364780334374,0.7167164241132757,0.8079223572510912
2_7,1.0811442205290138,1.1691467390475292,1.0488915494795719,1.1992814259962805,1.1377093898157304,1.1231091540642706,1.0523419331390218,1.1720262647961928
2_8,0.7554814232730224,0.7615041546250171,0.7731140897576507,0.7817200875695332,0.8344882952590359,0.8316712696901409,0.7167191921162471,0.7446109375455039
2_9,0.9225252323825445,0.919883226545551,0.9350228158486988,0.9408996525656983,1.0828507240946228,1.089900251426341,0.8807464897385161,0.9534286195131895
3_1,0.6400232952358,0.6855865877378524,0.6441698981888474,0.7111344318090276,0.6951135418353985,0.7058233961760347,0.6061686301873207,0.6633879698007994
3_10,0.8690485333908011,1.002411973404918,0.9421053106894635,1.0145598174379102,0.9496976981949897,0.9955867430972436,0.9435868098472249,1.119264185678093
3_11,0.7516008121090838,0.7831676098721809,0.7592395614955231,0.7908521177635394,0.7695163164735039,0.7667836227173666,0.7716597815326764,0.8155144594746765
3_12,0.6916691494588627,0.7518358937572197,0.7009607212820366,0.782918077438969,0.7475973334920747,0.7566332512697669,0.715206256697563,0.8199119435582304
3_13,0.7372809550194995,0.8067152445387371,0.7300793577977525,0.8583983479339368,0.836788999037979,0.8307191892266104,0.7769260421694075,0.8368184806245088
3_14,0.7474694619552293,0.7529127980677619,0.7616062735665998,0.7904309093209838,0.8384922144532828,0.842346367518519,0.719689720187028,0.7802643526487351
3_15,0.7611902986972888,0.8916633612826491,0.8714479451438688,0.9448221203978248,0.8700685724081598,0.8952433242731642,0.7390935987458269,0.9181408353181288
3_16,0.6692108891806523,0.7611063406249567,0.7077467257933348,0.8032758825455636,0.7255386625852893,0.7289334158361628,0.6868911471687744,0.8199128770954777
3_17,0.6801266377354231,0.7268424976937704,0.6874589724124816,0.7435571815767431,0.7186202948465261,0.7227239073296909,0.7013144694255875,0.7758836219092664
3_18,0.8337246761831589,0.9224164435935981,0.8638467950907632,0.9659465142851088,0.8854280971520329,0.89780257258729,0.8566012160446885,0.9976979335035375
3_19,0.8181062111562895,0.8856722646042011,0.8263866712256613,0.9398182521108046,0.9251165570656324,0.9754827497773297,0.9432063193225161,0.9837617424597792
3_2,0.4851905113399269,0.5119679767341958,0.48591463028018367,0.5130196604448201,0.5566698382635438,0.5532009267129246,0.4901668989767657,0.5584287342337779
3_20,0.6071770351337987,0.6421549427971787,0.6008781368185231,0.6442236864557173,0.6988359772989777,0.7006832093921352,0.5962398993347887,0.6862162662347134
3_21,0.6719900366682987,0.6910346630129669,0.7026372728600168,0.6867142845861894,0.7751750244342829,0.7614192097399699,0.6743020660922121,0.6963896401483296
3_22,0.6182072518701591,0.6639746977125636,0.6231027906431031,0.6864235723025539,0.6824139376708688,0.6819916483068714,0.6411303745005941,0.7060614912949262
3_23,0.9115332701723738,0.9475230271579823,0.9050254985588003,0.9679059090306965,1.0888874496876668,1.0772704619141142,0.906741704777483,0.9869046596774996
3_24,0.5738094836829382,0.6181612481101145,0.5854872024860396,0.627946190375605,0.6427316436423832,0.6352565565992268,0.5777912488543909,0.6377855082203425
3_25,0.5240892393852716,0.6099477213675105,0.536077953171972,0.6562653644432013,0.5766034409534923,0.5825086151076762,0.5314542713403201,0.6722955201859575
3_26,0.6363718101023126,0.735534146737543,0.6436589309941504,0.7826880999166146,0.6919203251273128,0.7054802449398062,0.6464493117236327,0.7760275052508605
3_27,0.6374810320900081,0.6914342190012386,0.6434565835843166,0.7143429499697712,0.6780927011206866,0.69280666782244,0.6419714943833245,0.7112436628668235
3_28,0.8667295446773212,0.9558405173803132,0.9046179181281832,0.9981515353125665,0.9378915841223437,0.9431901291233927,0.8518146262618266,1.0005738936889559
3_29,0.836761393807279,0.8769654123840069,0.852120702969897,0.9289537891703004,0.8816116876377911,0.8833920152759583,0.8319530174022812,0.9225615120203999
3_3,0.7270591058248751,0.7264591248504941,0.7250329143530532,0.7202380089904641,0.7691003509011638,0.7839386827916804,0.7071215439111979,0.7485766358493013
3_30,0.7025958109990553,0.8434460368456793,0.7222965057396527,0.9544038911347468,0.7535375280085702,0.7212809785850415,0.6841427873353371,0.869439269427549
3_4,0.6556600402089564,0.7345192783501541,0.6755385108906792,0.7804725633223395,0.7326247704535191,0.7294381935617194,0.6451334171275678,0.7366949399058182
3_5,0.6098533357789839,0.6410025481516606,0.6207016153031086,0.6641620105425201,0.6944920749372165,0.6928843166308516,0.6286766548443752,0.6897845850180668
3_6,0.7118867325439968,0.7887289478436307,0.7156927048622201,0.853490647250451,0.7463941045280091,0.7481577936166638,0.7038657670299383,0.8352565659549235
3_7,0.927475653489491,1.0154461697121528,0.9330595809400473,1.0631130607020234,0.9891014190736513,1.0192596244276608,0.934465301528662,1.0378208919733969
3_8,0.5945009110491533,0.657508383133374,0.6102260123371226,0.6673069622530128,0.6890724156430422,0.6947807865612475,0.591404666190764,0.6856256647850876
3_9,0.6725581243318077,0.7101385787056055,0.7191765282351322,0.7208389894811921,0.790031222065646,0.8652620955217079,0.6543219934572437,0.6981591225122278
4_1,0.6307279228766127,0.6610016123169711,0.634557105538911,0.6627491724989103,0.7239121194567697,0.7276264708012369,0.6306785341018354,0.6618776603472403
4_10,0.820554637596467,0.882270345557347,0.8730412037409485,0.8890295507788616,0.9034510497853456,0.9116692078523045,0.8166462169234351,0.8990335668069377
4_11,0.6635191690035266,0.7038977727531783,0.6716169682344697,0.7098332513701046,0.725043284736024,0.7340381859379181,0.6652018310628661,0.7104701844668821
4_12,0.7175403865000871,0.7350381351152403,0.7251963938042373,0.7396798986780929,0.7716909815904245,0.7819642902121429,0.729099432751597,0.7588444134376285
4_13,1.0121064168254368,1.0470686173341721,0.9856586310789154,1.0336185219262586,1.0424425935809913,1.0831881136392998,1.0467054981581736,1.0888922538557273
4_14,0.9184223450572184,0.9867798116969703,0.9372316327171164,1.0126952492332963,1.0760651135384551,1.0777340544334448,0.9612591713559316,0.9864162824508257
4_15,0.9631614578472587,1.027639592329915,0.9811221847692717,1.0427852327335905,1.0305273069813103,1.0485000024389841,0.9948444057660586,1.02942167394582
4_16,0.6505838884915918,0.7100665014513781,0.6640536505989119,0.7130256787866586,0.6943993518958296,0.6998632088744065,0.6541874650981838,0.7184360766765455
4_17,0.7122116570816458,0.7459915967614932,0.7191134239855951,0.7425969522536613,0.7650201956209575,0.7627849847598616,0.7078427005334017,0.7521740481723563
4_18,0.8219146412341736,0.8521349069629384,0.8477330676148022,0.8666018926581062,0.855050307915016,0.8806583984534435,0.8353887904118553,0.926248727678562
4_19,0.8401056371060752,0.8927049285454859,0.8314446001453368,0.9176709761182882,0.8320315035523235,0.8878393053138373,0.8790650062781702,0.9537403028572817
4_2,0.7608801111153641,0.7785573678120143,0.7718761638522844,0.8033980997499119,0.8516590862822798,0.85139970839868,0.7864222395876289,0.829185795684037
4_20,0.4528697064223048,0.4698254599806002,0.45875347618711665,0.49084675674171435,0.5524891420775081,0.5555701006427953,0.45804017612525966,0.49588488468820907
4_21,0.6603643182408871,0.6887354154986854,0.655459734119284,0.7067283752645481,0.7182566385863626,0.7250745925466169,0.6776739082961161,0.7667137386877665
4_22,0.5973468381984841,0.6308335090879251,0.6074894389932206,0.6462588942348135,0.690416597783915,0.6891966386491076,0.6144205232318374,0.6823750543123689
4_23,0.8114632216150347,0.911368836197421,0.8432659590927192,0.9377561831753425,0.9119262662515172,0.8983252552030281,0.8498181547446422,0.9659114720391415
4_24,0.712127210451918,0.7286631999237333,0.7200998910464892,0.7471060569160717,0.743801985075191,0.7644813208200292,0.7348488224089025,0.7946232145291522
4_25,0.6017354751329589,0.6317130282034579,0.6096033409675524,0.6478189101367484,0.687805500659135,0.6867550995059203,0.6168529902270132,0.6887256662821261
4_26,0.6198124909660286,0.6480967947576213,0.618923535035623,0.6574262165064108,0.7128030804604232,0.7079530416764088,0.6415324432795414,0.6964503410948519
4_27,0.7053918900858276,0.7317999562853504,0.7048852501336528,0.7343331836594438,0.7869696870107917,0.7848571171589253,0.7117514931031957,0.7967035840556196
4_28,0.7368618789596448,0.7789960525495776,0.7691887272438176,0.8184111176891038,0.8287614231485689,0.8137485235815214,0.7007348240694253,0.795459162510293
4_29,0.7299948837116088,0.7501985138256055,0.7484923695119354,0.7989937782284404,0.7653598186207659,0.7569531855981873,0.723614381201139,0.8261027732806634
4_3,0.6350359558571562,0.6612810305892655,0.6317070694571019,0.6723500977480543,0.7244575573987169,0.7281303574789741,0.6447340587119681,0.6619665042265672
4_30,0.6944215036298208,0.7750286602929043,0.700835223996897,0.8237038236271003,0.7612060160042211,0.7717409853904893,0.692028737811661,0.822490716843285
4_4,0.7224126072511817,0.754321179476503,0.7255528425025763,0.7770806428149792,0.7633102115920876,0.7715715006246275,0.745271678928094,0.7885489323318142
4_5,0.6583054393166087,0.7002266266277325,0.6681269532953008,0.7179908464243965,0.7716064229397066,0.744963204057224,0.6504784141033054,0.7128950408394324
4_6,0.6022383349205642,0.639327324820136,0.606472174113493,0.6594346255054326,0.6489244123419117,0.6526284925858676,0.61078857176194,0.678604331835427
4_7,0.975837340874832,1.0798535199610464,0.9703268008485875,1.0654324036354903,1.0218772922316992,1.0411879430778601,1.0079112774441064,1.0952042542463554
4_8,0.5103396626516679,0.530177947059218,0.5176950784064671,0.5371770904851689,0.627853422216886,0.6242431403065224,0.5111281990400534,0.5238217681720153
4_9,0.8673444310130068,0.8977344920431559,0.8867587432834759,0.9282744988222082,1.0008624565774786,1.0311991265539462,0.9139585510173247,0.9788173350131946
5_1,0.7099089286799188,0.7565595353416569,0.7219616173471847,0.7630345509048064,0.821534242798664,0.8143750067523439,0.7068323052697799,0.7510800097465343
5_10,0.8185295261260113,0.8633652925149875,0.8692824334133229,0.8648391340383693,0.8779790367617809,0.8961529675402001,0.825745029658619,0.9377752447927784
5_11,0.6773251928310602,0.7187326470874579,0.690347483900834,0.7275561943420829,0.7297086553295784,0.7273135791485057,0.6841433861396343,0.7489042319801955
5_12,0.6512502130681086,0.6860313506625711,0.6522455526977724,0.6977086815186357,0.740041748932109,0.7436784020527553,0.6622299994606011,0.7308953884856579
5_13,1.041501678900842,1.0689141003986073,1.052351379473448,1.0739996322713785,1.0409218868232641,1.0282889847324546,1.125137212316403,1.1098444477152063
5_14,0.755834325974209,0.8429488563318749,0.8042284767075099,0.8803759731054509,0.8529815810481962,0.8567547799095074,0.7923168506534635,0.8773188099765593
5_15,0.8912502723831903,1.0085248481919036,1.0057813992931863,1.043073415393365,1.0139582255668695,1.0067690260929385,0.8899548148404298,1.025807193149661
5_16,0.6465897859847501,0.7148409155811108,0.6651797153652821,0.7460713767333256,0.7412764559857012,0.7522747223214049,0.6850360093116519,0.7967231899553511
5_17,0.6411725998296998,0.6721221328103826,0.6368762681499225,0.6895107813940141,0.6863374325118194,0.6880624039731685,0.6496475899032045,0.7033544930803232
5_18,0.9033758893446094,0.9874870408189997,0.960638166541354,1.0274234979921142,0.9578276032366584,0.9808699247852454,0.9456831005958399,1.0577014578706587
5_19,0.8807263630395545,0.9426716953044106,0.8423345423183658,0.9555844722224889,0.9041979069433148,1.0012827713124115,0.9206059896248532,1.0389424815002655
5_2,0.6490930972302059,0.6809705311242794,0.6572666972276205,0.6905116187088193,0.720492858450401,0.72970616151652,0.6576987491406201,0.7252517303984543
5_20,0.5712838974603848,0.5698222835492294,0.5520208095086486,0.5865227823562619,0.6350568252560337,0.6371396528644266,0.5773209512910298,0.6325064258134021
5_21,0.4996296159108327,0.5577716304839568,0.4966594128100658,0.5670686514916317,0.596838893336818,0.58714107720715,0.511082217454612,0.5816990913335178
5_22,0.6869346936956113,0.7321768569752181,0.7049331601940769,0.7589778484597263,0.7621472245442161,0.7510140240665949,0.721117770111178,0.8725269226326797
5_23,0.6438909987299685,0.6733731408507259,0.6539881948299223,0.6927767509109424,0.7705374019124911,0.7852779579196415,0.6591527864648364,0.7052840623554802
5_24,0.6027525552272489,0.6306507712380965,0.6087442883923483,0.6496121447909821,0.6971106352110356,0.6862875085576055,0.597724509852537,0.6832234865361614
5_25,0.7712041931421649,0.8315040179665141,0.7900263483780721,0.8499208818773125,0.8335760182565705,0.8429944762709632,0.7919534691461044,0.8980596568304611
5_26,0.6199241343883715,0.6825659659627874,0.6228167516368294,0.7172410845230537,0.698487504468438,0.7041473664252097,0.6244690508851531,0.7241274475878678
5_27,0.6305032103332223,0.6518457019583836,0.6265430153790302,0.6767366462158677,0.6998186397476446,0.6873605566517299,0.6796755207252331,0.7554483036363414
5_28,0.9344976680412941,0.9906382210473532,0.9887423693835302,1.0443363156137517,1.0029017705877734,0.9673520585873283,0.9529234281597652,1.1012392503171229
5_29,0.7354583758637121,0.7968080695754703,0.7529310034628424,0.8673680507044478,0.7764857584121537,0.7871190869059217,0.7322173684440081,0.8603738514422087
5_3,0.6471469774504343,0.6689293070019604,0.6345941866193806,0.6745864483268852,0.7030101872952411,0.7356516225514318,0.6361046123025323,0.6639005827374279
5_30,0.6672618066615519,0.76017798321183,0.6809929158120512,0.8186094409221861,0.7070527694918258,0.6976492233583371,0.6828117063597099,0.8083223414255498
5_4,0.666337857327649,0.7079144203876273,0.6734303650586109,0.7381445077310662,0.6885517080285848,0.6855605064705992,0.6822302665074949,0.7376393178154876
5_5,0.7046599874247302,0.7374559099786413,0.712869496166979,0.7339688902220901,0.7873920538223174,0.7870039086590414,0.7043628067410465,0.7519847535458106
5_6,0.7151922853965488,0.7620426944185171,0.7166403754268109,0.8100863178965599,0.744574976197502,0.7536143678863277,0.7104574612783393,0.8138231666635214
5_7,1.241837702450212,1.2811454181573059,1.2476738402553418,1.3093095711870428,1.348178165395705,1.3214883752239663,1.2552716629619294,1.3124898486196588
5_8,0.6005511574417053,0.6145300179393899,0.6046151547208961,0.6150665405016977,0.657750384772709,0.6576303259219858,0.6039014356612088,0.6145573745718027
5_9,0.9032004784533513,0.9102982748503903,0.9605336203892136,0.9241589140755159,0.9651628597791896,0.9864429462112547,0.9266242939616431,0.9753100006939502
6_1,0.691146008644421,0.7286627869012889,0.7022802921194419,0.7375763046584749,0.736933657259777,0.7442066169098954,0.6941928925308621,0.7536412457439752
6_10,0.978283287316788,1.0667189013960245,1.0643606514438235,1.0785172036907813,1.0049338284264766,1.0443413223461304,0.9594054000138752,1.0863141209025102
6_11,0.5957483359016669,0.6334224768136493,0.5952220390019972,0.6553728222875114,0.6460349841570253,0.6469856269635484,0.6001487747586571,0.6590593478678594
6_12,0.5948138995492942,0.6425965058830313,0.6095251765353497,0.6637357424225889,0.6540498603719804,0.6510744266197671,0.5839245836511604,0.6697473851506469
6_13,0.8358688468248883,0.9794565735871485,0.9159597648130583,0.9881430524314515,0.9105185061346446,0.9439953621777504,0.8984898291122291,0.9849172583010697
6_14,0.7937941153725875,0.7954940813563846,0.8213320686899372,0.815758322354981,0.8902897260427682,0.8686443738497288,0.7692215474984161,0.8249193009796297
6_15,0.7298648816906377,0.8409458793079677,0.8115144985321389,0.9098572461715387,0.88674666971161,0.8973325558178035,0.7128190415226681,0.9135785150519615
6_16,0.5695367818293159,0.6690046275103364,0.5947733035834138,0.7508812245646762,0.6296707691780511,0.6379993278960413,0.5790401131496355,0.7672688136411832
6_17,0.761009460455524,0.7922670872161509,0.7650897484138056,0.8184406065150424,0.784480487741113,0.7777011100095161,0.7711178992728065,0.8479931003322229
6_18,0.7486512174027528,0.8439490896688173,0.8036842705823145,0.8722652000334298,0.8262895358949235,0.8391358058732897,0.7866878248823077,0.8821315407407332
6_19,0.9746019205346468,1.053020135064436,0.9895224321828207,1.096953675596647,1.1305569690835187,1.1900540223367715,1.0410407834854758,1.1106836594989888
6_2,0.627187652757695,0.6634282789824675,0.6252506555516184,0.6690342445787447,0.687697359176684,0.6989315057398848,0.6387302151784471,0.7439736437036515
6_20,0.5266008334402543,0.5521913782941467,0.5344065897940034,0.5519524303467396,0.6009310804406446,0.6129843705072305,0.5291242621471924,0.578921505686919
6_21,0.7475685859683726,0.7859783128737257,0.7532358693488278,0.8118568378483985,0.8239098281613454,0.8304712853942232,0.7572045449077214,0.8260251622989961
6_22,0.6099733512580311,0.6481675658015659,0.6227424517229426,0.6676105106288076,0.6997436954885567,0.6968488173780518,0.6181570665618314,0.6466668242397332
6_23,0.647884912681944,0.7148968238908596,0.6475633319621569,0.7256738757646529,0.8001153863588719,0.8169649324449455,0.6699357398887829,0.7715679473393287
6_24,0.6321049747983163,0.6949128109119106,0.6347730579318508,0.703782027574615,0.7487321291501517,0.7544417206219756,0.6338962379817602,0.6814863548767491
6_25,0.8239379061177121,0.9188967401821133,0.8564599270445562,0.9504128664392827,0.8840069093383869,0.8955853548047203,0.8545994046256823,0.9742208985783106
6_26,0.5402609276530133,0.5794680187211463,0.5467673207441699,0.6096737488561454,0.603009443350404,0.5978463526481638,0.550199887218232,0.626677768626219
6_27,0.6766090126318378,0.7369872863912381,0.6763400714436892,0.7699182445161998,0.7041463179459914,0.711428720390475,0.6808697276042461,0.7741914474997439
6_28,0.8680321773920221,0.934447585566297,0.9090183261707726,1.0038148935578102,0.9214535393160711,0.896358408401412,0.8349994479633082,0.9669382404915542
6_29,0.7914749467911434,0.8536201962273444,0.806805257750209,0.9556630350145805,0.830364979802644,0.8342887568618494,0.7896449750117885,0.912952291662675
6_3,0.7136383164888088,0.7048240458836378,0.7338203165107,0.6850954409702125,0.7727796974700794,0.7819424697055691,0.6663966680322903,0.6972000748469012
6_30,0.6297735858517551,0.7705787341294836,0.6467329526063841,0.8642037816211877,0.6665868076162447,0.6621408572175269,0.6298968762103134,0.8403411559941498
6_4,0.6058863420994656,0.6834401372606648,0.6065424347895886,0.7516259707973914,0.6197458606949963,0.6122532176342869,0.6206543226880322,0.7374223250470715
6_5,0.7170136184673837,0.7664907866511961,0.7330422148354107,0.784187168590591,0.7824336413390883,0.7602183188996623,0.7225315886841343,0.7926814317637353
6_6,0.8170116687545288,0.9159169181284533,0.8311621484195437,0.9902763413006355,0.8393845328406969,0.8346033746389301,0.7599308260891733,0.9101817075646162
6_7,0.9147571216895329,1.0558074566675486,0.9417434330684757,1.083255100452326,1.0441274819482427,1.0517311049985187,0.9292147051458277,1.0440744930682753
6_8,0.6057665427880996,0.6111322621194132,0.6060811906197524,0.6189752794464581,0.6341057044644423,0.6404225265254904,0.6227845144851104,0.6279746104172385
6_9,0.7321215394185296,0.7626165043192631,0.7323388551395413,0.763789853755327,0.8277756048960188,0.8450483993806261,0.7349198078786393,0.7719362245217493
7_1,0.6121594344514174,0.667612526239889,0.6237459750537538,0.6709878420983553,0.7209017395399341,0.7180418875339577,0.6333969190869966,0.6881456561894445
7_10,0.7583618516315965,0.7837659500159047,0.7747635658957588,0.7951716946695567,0.8482959270436585,0.821307191705802,0.7413349386536114,0.7952997544336663
7_11,0.5951637548641229,0.6458531275680199,0.6088009678079714,0.656331980153245,0.7256065614785693,0.7208641836933564,0.6056555040600802,0.6573930381717912
7_12,0.6634204563125249,0.6845234859846198,0.6738202940324134,0.6920331292571026,0.7325867317615012,0.7237844617316991,0.6767053908367038,0.7129424996465705
7_13,0.9661349551405571,1.0410573183282166,0.980048457193192,1.0584688512044604,0.9855202015943407,0.9972131819765957,0.9423609468331874,1.0639562336009831
7_14,0.9666327698067346,0.993628367213774,0.9721523763912319,1.0376867378708965,1.1190482340364898,1.0596245725158557,0.965488476647268,1.0524145557063564
7_15,0.973480772245896,1.0117592733211724,0.9629278889254937,1.05372549400247,1.0719635018090685,1.0424536251999315,0.963321256964607,1.0337679133628863
7_16,0.7359402417599215,0.7829752014344588,0.7438965999863946,0.8096413972844209,0.7963543503739386,0.7895947145587756,0.765432888424892,0.85911932895462
7_17,0.61009206109837,0.6401275473141144,0.608376134387634,0.6563150838585151,0.6686440359689059,0.6598905486269255,0.6178333828224088,0.6709041261743953
7_18,0.8765727758671291,0.9236534605086894,0.8815770415524625,0.9213296511758685,1.0395344800986352,0.9929830791154965,0.9248699685156988,0.981128557964526
7_19,0.9094249052272538,0.9839898904411528,0.9603128028326023,1.0003368522205853,0.9004190846848241,0.9328941520273998,0.9550978660457773,1.0187584745683784
7_2,0.6518925566086475,0.691537710475389,0.6746632890189128,0.7049144117280772,0.781119796434666,0.7507459562800931,0.6386128495754815,0.6902953968613691
7_20,0.5396380545769479,0.5694045047030878,0.5563605531215943,0.5514414719822095,0.6404902426706134,0.6253984343840685,0.5606605273023175,0.5612784142732427
7_21,0.5627767596791148,0.5972973764200211,0.5747964056310039,0.5867003903746251,0.6022465019662375,0.6250400755617941,0.5690212977614338,0.609722760288048
7_22,0.5604731764931731,0.6052459227660036,0.5667856585098623,0.6173558757011698,0.650542183095851,0.6472640395846048,0.5790977547720688,0.6738008744189408
7_23,0.8064493054023838,0.8246361518154709,0.8083407413524459,0.8241194563569665,0.890534919087831,0.8627882582623241,0.8073018298667191,0.8593869399257873
7_24,0.7197431463035466,0.7464507917150046,0.7189235412425025,0.7503788391480158,0.8169264213224791,0.8165349522185448,0.7201496149656798,0.8090412803594847
7_25,0.6997127838477097,0.7676768659303135,0.7270473161393217,0.794119331437841,0.7894784661053682,0.777719355892737,0.7486331619757719,0.8275915170161998
7_26,0.6726333881023249,0.7088273623354586,0.6812781863921237,0.7211812518243712,0.7675961918587276,0.7593786809518539,0.6807889093111812,0.7435457600934064
7_27,0.7068612732273516,0.7232991445420883,0.7074334405774997,0.7283604129560644,0.7541902905498138,0.7470926819558582,0.7020443803905235,0.7111681126541786
7_28,1.0009285472276928,1.0787536018910986,1.0350378526947162,1.1019372155685383,1.140684378052707,1.1121074720666637,0.9955843351885748,1.1534413985575565
7_29,0.7786626376477428,0.8536454298532741,0.7972615311231416,0.8583097787556621,0.8947344401227632,0.9008945139955402,0.7774672128343223,0.936875459143067
7_3,0.6315477231204402,0.6576820081075387,0.6069752061598085,0.6676111034132349,0.7007498537546138,0.6981161232920408,0.6212646206130824,0.6679786185426698
7_30,0.5802251998825294,0.7077986869641251,0.5968269417183637,0.8003238513048678,0.6559521050810624,0.6411689106092658,0.5844416369876407,0.7320567551729573
7_4,0.8368001007348197,0.9259712800942711,0.8566822829633617,0.9695622412594731,0.931637899576209,0.9244129408232358,0.8390768325078324,0.9473881702582272
7_5,0.69709228450547,0.7072486042447284,0.7028150460119534,0.7059424667007991,0.7820544772278715,0.7805101266628511,0.6765046574434952,0.7366542065685212
7_6,0.6542452573434218,0.8083398263950634,0.6725349991054325,0.8015279166050694,0.7835339541329698,0.8317274109755266,0.6370688816586747,0.714219845588785
7_7,1.0799276130274278,1.1466264244964481,1.069047978654335,1.1919258289441834,1.1345619486355363,1.1296729991717598,1.0577803475081424,1.1768331216853967
7_8,0.6467549267735944,0.695921896881905,0.6642326523990412,0.700567670088341,0.8195604021904654,0.7765919489301166,0.6589977532416176,0.7136498012928297
7_9,0.6568468973425264,0.7505904342833534,0.667770855524984,0.7681526932522829,0.9190911477474534,0.9391237137378234,0.7078685054468729,0.8894294119371078
8_1,0.8190821825073364,0.881376726511098,0.8350744615045806,0.8855614204995416,0.9115373312908601,0.9209551007373792,0.8554381446879564,0.9672534734658405
8_10,0.9621613689611657,1.0212347971246796,0.9864882089886943,1.057096711251635,1.07098909923066,1.0796714255774025,0.9940536255474398,1.1869431129373524
8_11,0.6726601474461105,0.6986763536583016,0.6791296959599641,0.7242369370970168,0.7128905411928079,0.7088337618557148,0.6835403085377434,0.744448285582384
8_12,0.7876801548214395,0.852516712268347,0.8010790775389135,0.8666363132774856,0.8934403649237753,0.8982164674086441,0.8024490874481045,0.9208600638201057
8_13,1.150641494074934,1.2119269369124543,1.165629599324856,1.2371144503403697,1.1742156802131634,1.2181152246417557,1.1772904048655657,1.2185656239000402
8_14,0.6849549547802948,0.7241722718090532,0.7059145483799575,0.7560251315842865,0.8449420483466612,0.8282414437829005,0.7304471124170555,0.7690013794979714
8_15,0.8809632350813423,0.915891742071811,0.9228945836977691,0.9617384332941499,1.0440032590209989,0.9865195945694024,0.9079333533385084,0.911899625451582
8_16,0.5586839174629787,0.634972279878612,0.5674943282890114,0.6808098072507712,0.5778603248804285,0.582651691556377,0.54702450126746,0.6709023027040938
8_17,0.6687325927350182,0.7561238225474269,0.689560815929124,0.7938412083198205,0.7637034947052619,0.7801774533311576,0.6940375906608959,0.8304880636640667
8_18,0.840103964644563,0.8802802612274266,0.8508611669237084,0.8967229202108642,0.9338617826607278,0.9076468443106963,0.855598794456871,0.9141138488478427
8_19,0.90304670498597,0.9450377600876835,0.8986210387496921,0.9838525192510809,0.9782218055730098,1.029652930732456,0.9661874906382907,1.0290170882193481
8_2,0.7344249791461543,0.7680380956168533,0.7198096168625645,0.7600383591937986,0.8037753463642061,0.7955871617689876,0.7251103180435512,0.8273237218911782
8_20,0.5993786630302558,0.5989813888255744,0.5872633360841816,0.5998744870366841,0.6419835264998387,0.6473930229453952,0.6028035517692666,0.6267787492801736
8_21,0.8095607144292359,0.8179776262114754,0.8197591831430527,0.8031437904662013,0.8790859375227954,0.9011327898516519,0.8278269468655559,0.8813555279441354
8_22,0.6607336080587323,0.6874494107386243,0.6616568212888186,0.7097288538921804,0.7088154846058363,0.6880765926511467,0.6921581449962247,0.7484480315770561
8_23,0.7872319673420012,0.8230027837776623,0.7845236127891875,0.8229345289019416,0.8760160769677453,0.8748553131457543,0.8115693075719032,0.883130541915394
8_24,0.7322474548007664,0.770584906591499,0.7222654474106985,0.7630088241624539,0.8239520421362576,0.8450236199960827,0.7002193668827061,0.7557503118222664
8_25,0.6669819674914635,0.7594309384287451,0.6851744541266259,0.8048751273894014,0.7359748425658794,0.7458767479751082,0.6754207196482548,0.8475953007045081
8_26,0.704307795998309,0.7614670144653308,0.714026559695516,0.7954488045549005,0.7653418545293726,0.7659514893262303,0.7084586271635995,0.790103501599107
8_27,0.6627155047842396,0.7064448645164106,0.6588246244551564,0.7430417170133713,0.7154247420071149,0.7200629508563442,0.6619234782103887,0.7492355422868531
8_28,0.9097690984187419,0.9496955233324417,0.9247266483352247,0.987456335912199,0.9725195210719954,0.9662902020026156,0.8922025739060668,0.9385894096507923
8_29,0.8263180951803294,0.8906084287732379,0.8271072616392912,0.9390231298497911,0.8719266943912509,0.8742920638448277,0.8365238130271707,0.9554198207576611
8_3,0.6134574133772679,0.6086575535299996,0.6145718888537441,0.5884128615555028,0.7073791686666754,0.6992766289058229,0.6056530796066791,0.5876196819267663
8_30,0.6380465029831568,0.738230535288327,0.6509840890602835,0.8645005552129248,0.6862961183981929,0.6656131236017311,0.6346170601287929,0.7781465443302761
8_4,0.6897010085514261,0.7480261186714823,0.6910384730598241,0.8027958205204432,0.7354919925556785,0.7345313601369395,0.6957386135868515,0.7951741258719134
8_5,0.6083628757676983,0.6530546919438666,0.6073927796074379,0.6556222273035348,0.7364940020358701,0.7252929699941526,0.6156873329369419,0.6560868140345751
8_6,0.6336481712172772,0.6979974900197294,0.636948444859167,0.7479202311657849,0.6716070810451854,0.6759350310925488,0.6356425052652025,0.7331828506856972
8_7,0.9010774034288493,0.9958363760703004,0.9110932485287341,1.0314232040679012,0.9533308151273191,0.9970497248328503,0.9080181752288473,0.9981967990992103
8_8,0.6320083573403166,0.6474457208719877,0.6061574515544481,0.6607317051657182,0.6823578285931718,0.6948614965528765,0.6502999402329351,0.6949269743823364
8_9,0.882155778651013,0.8593101852430848,0.8717245834302012,0.8494448735679023,0.9651788973127924,0.932441279269014,0.8640836634156807,0.9391635234148737
9_1,0.6898577581614445,0.7617786769877115,0.7117216006008562,0.7782297432424035,0.7974559464151172,0.7777670205166431,0.7174254513208214,0.765019862423734
9_10,0.767327461039474,0.7986699615613206,0.7999700822173273,0.8228685038211299,0.8363215169397139,0.8430476123567537,0.7596415266390479,0.8402724064950031
9_11,0.6178872669385299,0.6836429080584495,0.6143323154784663,0.7391338036032309,0.6839698735726764,0.6856634249653023,0.6181437136258766,0.7459721828147097
9_12,0.6427700520648333,0.6863831640443523,0.6443087111654555,0.7094288119481144,0.6640904089729437,0.6781497603185036,0.6508707897374502,0.7398910279451745
9_13,0.9374012903729388,0.9485150053285825,0.9567068341626137,0.9549727948611075,0.9686937155180334,0.9933673265537357,0.9228011979460145,0.9466172534206091
9_14,0.7700769197587077,0.8490117037093361,0.7829179083355122,0.8636439768006176,0.8770799353598018,0.891461573422716,0.7736331209336061,0.8565469880270677
9_15,0.5593895176930489,0.6219757315494125,0.5806232145257304,0.6510139451185293,0.6570623741324547,0.6674884830430833,0.5787021114413345,0.628491617403375
9_16,0.722747712439364,0.8299837506125846,0.7404121344425642,0.8862998626972023,0.8043091941420516,0.8098999292739244,0.7052447039406693,0.8325764721222608
9_17,0.7095678439992019,0.752517978826167,0.7113885766544644,0.7903900173103374,0.797200559732535,0.7745718907680561,0.7014119759124541,0.7762305161965787
9_18,0.9159349651302854,0.9928332654970095,0.9341605110863257,1.0133815865794151,1.0308200742674183,1.0321295341691572,0.9368793348311817,1.0347747955253574
9_19,0.7601229497173213,0.8158973559565661,0.7849215368160909,0.8542438290401451,0.8561479701760453,0.9241319798981076,0.8423250854987596,0.9045028188851664
9_2,0.651167334061085,0.7254511246547563,0.6906967204845819,0.7345911734865084,0.6778742152085615,0.6840284971575058,0.6376958602706247,0.741856112224232
9_20,0.6024763229829945,0.6365999476258769,0.6164274422266236,0.6210738938479459,0.7047887655137401,0.6993815395597309,0.6024174274259384,0.6377673717006206
9_21,0.5787797721038969,0.6163617771749783,0.5989440333163549,0.6135544170284416,0.6434899985649204,0.6546595044054083,0.594528651651703,0.6868750180235063
9_22,0.6183874336575134,0.6908659942040576,0.6285913966069313,0.7119162066373506,0.6865563421946521,0.6935476235087193,0.6490565893600923,0.7350419617176372
9_23,0.7397222029430953,0.7986751754308714,0.7709337018605188,0.8050969790707675,0.8156383456156974,0.8213969898258392,0.7477999039666315,0.8343599498467763
9_24,0.7413084585026938,0.7863962606432742,0.764287056871854,0.7968049890269665,0.7667136358751373,0.7473944819754307,0.7524515118535658,0.8451783008524094
9_25,0.6857245554121588,0.7988021721323187,0.6978983048515457,0.8527233208307374,0.7320277136579374,0.7273454684155037,0.7077721869079191,0.8960501506213281
9_26,0.7552236185884033,0.823922117812214,0.7565679193796304,0.8509860053751104,0.7868805656567908,0.7828603450209597,0.7650552329503416,0.8663766750767663
9_27,0.7110054661839309,0.7785108950630165,0.6988053563298893,0.8080765210878219,0.7379798149032871,0.7472182663181078,0.7039392888752194,0.8076552402690199
9_28,0.8180493760122663,0.8804192947849278,0.8217478327497258,0.91718680827856,0.8706411043576441,0.870521092244475,0.8318697114773664,0.9249509196848399
9_29,0.7395692182297754,0.7773750009788456,0.7344908668220739,0.8201443640482695,0.777083673182134,0.7856818943498534,0.737336553055754,0.8246890152992439
9_3,0.7053367706874691,0.7158881568680434,0.7162990760776564,0.6721778446973193,0.7387190656796011,0.740194209076025,0.7121032656034547,0.7001882640287793
9_30,0.7362813069602262,0.8596811054277587,0.7529875111720788,1.0395931580235729,0.7295214221114167,0.6980072566385459,0.7267428531787894,0.9047524241936972
9_4,0.7105625955833267,0.7986176956053583,0.717132927733851,0.860555679501004,0.7233868665361531,0.7357209563101106,0.7192390690127609,0.8438214604099609
9_5,0.7262557408614413,0.777968747385853,0.7350719096852679,0.7950879159786504,0.7793657773162925,0.7787082859999386,0.7301981424710476,0.771216990111492
9_6,0.7057563599489699,0.7776389720792241,0.7228718607591404,0.8280072252153716,0.7452869356670436,0.7439902018096154,0.7336698418370904,0.8445489008946468
9_7,0.774004377191022,0.8285189949025318,0.7820220295782396,0.8763269692911442,0.844783094982753,0.84872427195371,0.795432427272462,0.8333168129255154
9_8,0.6377506523579687,0.6849711593239385,0.6510507301770863,0.6949916037599286,0.6771813538771393,0.6781969533990561,0.6108666873719575,0.707606886103326
9_9,0.8269169867968211,0.863280241494893,0.8117218589032695,0.869576196949803,0.9278507440229359,0.9686011996987332,0.8426711826898906,0.8749019213370265
