item_id,driver,method,mass,temp_effect,elasticity,abs_temp_effect,abs_elasticity
1,temperature,SHAP_LightGBM,0.13963692829158786,0.0,-0.55,0.0,0.55
2,temperature,SHAP_LightGBM,0.15938599106057602,-0.004,-0.7,0.004,0.7
3,temperature,SHAP_LightGBM,0.3391799837194958,0.0,-0.45,0.0,0.45
4,temperature,SHAP_LightGBM,0.20630927679630257,-0.008,-0.6,0.008,0.6
5,temperature,SHAP_LightGBM,0.1700565552119828,-0.006,-0.8,0.006,0.8
6,temperature,SHAP_LightGBM,0.1221485844876701,0.0,-0.5,0.0,0.5
7,temperature,SHAP_LightGBM,0.5128676204327911,0.002,-0.4,0.002,0.4
8,temperature,SHAP_LightGBM,0.24473339772010705,0.0,-0.95,0.0,0.95
9,temperature,SHAP_LightGBM,0.41705857093350884,0.01,-0.9,0.01,0.9
10,temperature,SHAP_LightGBM,0.4814364228318116,0.045,-1.35,0.045,1.35
11,temperature,SHAP_LightGBM,0.20731179255700743,-0.006,-0.75,0.006,0.75
12,temperature,SHAP_LightGBM,0.12188079074238113,-0.025,-1.0,0.025,1.0
13,temperature,SHAP_LightGBM,0.9874966502128579,0.035,-1.45,0.035,1.45
14,temperature,SHAP_LightGBM,0.7305342270793431,0.02,-1.15,0.02,1.15
15,temperature,SHAP_LightGBM,1.0030713843573773,0.042,-1.1,0.042,1.1
16,temperature,SHAP_LightGBM,0.2080497253845538,-0.024,-1.2,0.024,1.2
17,temperature,SHAP_LightGBM,0.21798025501745552,-0.02,-0.85,0.02,0.85
18,temperature,SHAP_LightGBM,0.33446803240484757,0.05,-1.3,0.05,1.3
19,temperature,SHAP_LightGBM,0.6538111630821846,0.015,-1.5,0.015,1.5
20,temperature,SHAP_LightGBM,0.25482631884687046,-0.005,-1.25,0.005,1.25
21,temperature,SHAP_LightGBM,0.13902825471257016,-0.018,-1.4,0.018,1.4
22,temperature,SHAP_LightGBM,0.10938549047259584,0.0,-1.15,0.0,1.15
23,temperature,SHAP_LightGBM,0.15601730495422816,0.004,-1.1,0.004,1.1
24,temperature,SHAP_LightGBM,0.16295968639531425,0.0,-0.9,0.0,0.9
25,temperature,SHAP_LightGBM,0.1133584978577268,0.0,-1.05,0.0,1.05
26,temperature,SHAP_LightGBM,0.13932285718664608,0.0,-0.75,0.0,0.75
27,temperature,SHAP_LightGBM,0.14549433576104306,0.0,-0.8,0.0,0.8
28,temperature,SHAP_LightGBM,0.17200680294466753,0.06,-1.1,0.06,1.1
29,temperature,SHAP_LightGBM,0.24222200709739286,0.045,-0.95,0.045,0.95
30,temperature,SHAP_LightGBM,0.10038498204251178,-0.045,-0.7,0.045,0.7
1,temperature,SHAP_XGBoost,0.22452301398549868,0.0,-0.55,0.0,0.55
2,temperature,SHAP_XGBoost,0.22763847636866152,-0.004,-0.7,0.004,0.7
3,temperature,SHAP_XGBoost,0.4567846670423175,0.0,-0.45,0.0,0.45
4,temperature,SHAP_XGBoost,0.2724770780329345,-0.008,-0.6,0.008,0.6
5,temperature,SHAP_XGBoost,0.25618775909696734,-0.006,-0.8,0.006,0.8
6,temperature,SHAP_XGBoost,0.16800894275029454,0.0,-0.5,0.0,0.5
7,temperature,SHAP_XGBoost,0.7478835474863098,0.002,-0.4,0.002,0.4
8,temperature,SHAP_XGBoost,0.3509742354080598,0.0,-0.95,0.0,0.95
9,temperature,SHAP_XGBoost,0.5213165691619167,0.01,-0.9,0.01,0.9
10,temperature,SHAP_XGBoost,0.5433437434104057,0.045,-1.35,0.045,1.35
11,temperature,SHAP_XGBoost,0.2707066127601031,-0.006,-0.75,0.006,0.75
12,temperature,SHAP_XGBoost,0.21233923218222672,-0.025,-1.0,0.025,1.0
13,temperature,SHAP_XGBoost,1.3527159873358565,0.035,-1.45,0.035,1.45
14,temperature,SHAP_XGBoost,0.8504426600198858,0.02,-1.15,0.02,1.15
15,temperature,SHAP_XGBoost,1.230236708393346,0.042,-1.1,0.042,1.1
16,temperature,SHAP_XGBoost,0.250860806193799,-0.024,-1.2,0.024,1.2
17,temperature,SHAP_XGBoost,0.28983825324092577,-0.02,-0.85,0.02,0.85
18,temperature,SHAP_XGBoost,0.4049297045938252,0.05,-1.3,0.05,1.3
19,temperature,SHAP_XGBoost,0.7914151670453793,0.015,-1.5,0.015,1.5
20,temperature,SHAP_XGBoost,0.37150907558594537,-0.005,-1.25,0.005,1.25
21,temperature,SHAP_XGBoost,0.21153212930196158,-0.018,-1.4,0.018,1.4
22,temperature,SHAP_XGBoost,0.19387939315523736,0.0,-1.15,0.0,1.15
23,temperature,SHAP_XGBoost,0.22217267246542177,0.004,-1.1,0.004,1.1
24,temperature,SHAP_XGBoost,0.22427494073892162,0.0,-0.9,0.0,0.9
25,temperature,SHAP_XGBoost,0.16501690243271158,0.0,-1.05,0.0,1.05
26,temperature,SHAP_XGBoost,0.17363810509228148,0.0,-0.75,0.0,0.75
27,temperature,SHAP_XGBoost,0.1866105794807425,0.0,-0.8,0.0,0.8
28,temperature,SHAP_XGBoost,0.2696994756801023,0.06,-1.1,0.06,1.1
29,temperature,SHAP_XGBoost,0.35967655832384865,0.045,-0.95,0.045,0.95
30,temperature,SHAP_XGBoost,0.15069046674141343,-0.045,-0.7,0.045,0.7
1,price,SHAP_LightGBM,1.1072655364555337,0.0,-0.55,0.0,0.55
2,price,SHAP_LightGBM,1.3170862237755725,-0.004,-0.7,0.004,0.7
3,price,SHAP_LightGBM,1.4379300418840497,0.0,-0.45,0.0,0.45
4,price,SHAP_LightGBM,0.7209311211596687,-0.008,-0.6,0.008,0.6
5,price,SHAP_LightGBM,1.1437107472053099,-0.006,-0.8,0.006,0.8
6,price,SHAP_LightGBM,0.8884449730937806,0.0,-0.5,0.0,0.5
7,price,SHAP_LightGBM,1.0964366104927687,0.002,-0.4,0.002,0.4
8,price,SHAP_LightGBM,1.26747978120308,0.0,-0.95,0.0,0.95
9,price,SHAP_LightGBM,1.8637524689617455,0.01,-0.9,0.01,0.9
10,price,SHAP_LightGBM,2.0108866999825974,0.045,-1.35,0.045,1.35
11,price,SHAP_LightGBM,1.0449011614092218,-0.006,-0.75,0.006,0.75
12,price,SHAP_LightGBM,1.0521221609515428,-0.025,-1.0,0.025,1.0
13,price,SHAP_LightGBM,1.7639113637139385,0.035,-1.45,0.035,1.45
14,price,SHAP_LightGBM,1.714573185433173,0.02,-1.15,0.02,1.15
15,price,SHAP_LightGBM,1.4299300372781274,0.042,-1.1,0.042,1.1
16,price,SHAP_LightGBM,2.015896995114732,-0.024,-1.2,0.024,1.2
17,price,SHAP_LightGBM,1.1711073647409023,-0.02,-0.85,0.02,0.85
18,price,SHAP_LightGBM,1.0170556214043904,0.05,-1.3,0.05,1.3
19,price,SHAP_LightGBM,1.1471390933922703,0.015,-1.5,0.015,1.5
20,price,SHAP_LightGBM,2.0899764254144335,-0.005,-1.25,0.005,1.25
21,price,SHAP_LightGBM,2.2661630923048133,-0.018,-1.4,0.018,1.4
22,price,SHAP_LightGBM,2.328672833940133,0.0,-1.15,0.0,1.15
23,price,SHAP_LightGBM,2.236819938682396,0.004,-1.1,0.004,1.1
24,price,SHAP_LightGBM,1.205315348402188,0.0,-0.9,0.0,0.9
25,price,SHAP_LightGBM,2.036743528668374,0.0,-1.05,0.0,1.05
26,price,SHAP_LightGBM,1.0150190450088605,0.0,-0.75,0.0,0.75
27,price,SHAP_LightGBM,1.31153209966371,0.0,-0.8,0.0,0.8
28,price,SHAP_LightGBM,1.2502859887360893,0.06,-1.1,0.06,1.1
29,price,SHAP_LightGBM,1.0668014464358941,0.045,-0.95,0.045,0.95
30,price,SHAP_LightGBM,0.8400211451014001,-0.045,-0.7,0.045,0.7
1,price,SHAP_XGBoost,1.1442656681100114,0.0,-0.55,0.0,0.55
2,price,SHAP_XGBoost,1.1397462166293173,-0.004,-0.7,0.004,0.7
3,price,SHAP_XGBoost,1.215473015719693,0.0,-0.45,0.0,0.45
4,price,SHAP_XGBoost,0.6886117455500098,-0.008,-0.6,0.008,0.6
5,price,SHAP_XGBoost,1.164014515377291,-0.006,-0.8,0.006,0.8
6,price,SHAP_XGBoost,0.877962284675976,0.0,-0.5,0.0,0.5
7,price,SHAP_XGBoost,1.3221176127433727,0.002,-0.4,0.002,0.4
8,price,SHAP_XGBoost,1.4072504905096086,0.0,-0.95,0.0,0.95
9,price,SHAP_XGBoost,1.861821962396201,0.01,-0.9,0.01,0.9
10,price,SHAP_XGBoost,2.200018868872027,0.045,-1.35,0.045,1.35
11,price,SHAP_XGBoost,1.0416084987038532,-0.006,-0.75,0.006,0.75
12,price,SHAP_XGBoost,1.084183613865279,-0.025,-1.0,0.025,1.0
13,price,SHAP_XGBoost,1.5660002691923756,0.035,-1.45,0.035,1.45
14,price,SHAP_XGBoost,1.6345783599460715,0.02,-1.15,0.02,1.15
15,price,SHAP_XGBoost,1.292439711895943,0.042,-1.1,0.042,1.1
16,price,SHAP_XGBoost,2.3768018770151276,-0.024,-1.2,0.024,1.2
17,price,SHAP_XGBoost,1.1944197820677112,-0.02,-0.85,0.02,0.85
18,price,SHAP_XGBoost,0.9397767219131126,0.05,-1.3,0.05,1.3
19,price,SHAP_XGBoost,0.979664836425358,0.015,-1.5,0.015,1.5
20,price,SHAP_XGBoost,2.18056421578683,-0.005,-1.25,0.005,1.25
21,price,SHAP_XGBoost,2.450870472706505,-0.018,-1.4,0.018,1.4
22,price,SHAP_XGBoost,2.4504518802379884,0.0,-1.15,0.0,1.15
23,price,SHAP_XGBoost,2.337401495439478,0.004,-1.1,0.004,1.1
24,price,SHAP_XGBoost,1.2819038328597285,0.0,-0.9,0.0,0.9
25,price,SHAP_XGBoost,2.1752785075576164,0.0,-1.05,0.0,1.05
26,price,SHAP_XGBoost,1.010250962871188,0.0,-0.75,0.0,0.75
27,price,SHAP_XGBoost,1.328471340677368,0.0,-0.8,0.0,0.8
28,price,SHAP_XGBoost,1.3950215199638434,0.06,-1.1,0.06,1.1
29,price,SHAP_XGBoost,1.1419677149422307,0.045,-0.95,0.045,0.95
30,price,SHAP_XGBoost,0.834168555143777,-0.045,-0.7,0.045,0.7
